City_ID,City,Temperature (F),Humidity (%),Cloud Coverage (%),Wind Speed (mph),Latitude,Longitude
0,Moscow,290.48,77,75,4,54.42758150779957,-172.26079771600263
1,Moscow,290.48,77,75,4,-48.78863693783573,151.10033463821958
2,Moscow,290.48,77,75,4,-41.33184240937574,152.58617806322695
3,Moscow,290.48,77,75,4,-63.25450029585758,21.659269690796293
4,Moscow,290.48,77,75,4,-49.12048757651957,114.8074174027858
5,Moscow,290.48,77,75,4,-37.7717644464026,177.54837139317044
6,Moscow,290.48,77,75,4,-12.45536619165486,58.94895365689874
7,Moscow,290.48,77,75,4,66.98502637512573,55.26568640206813
8,Moscow,290.48,77,75,4,74.0643905383229,-162.65724757410487
9,Moscow,290.48,77,75,4,6.453323665998894,12.754791481667894
10,Moscow,290.48,77,75,4,49.488306506291025,80.26037296860574
11,Moscow,290.48,77,75,4,11.602425665163949,110.26442152259642
12,Moscow,290.48,77,75,4,-43.606767511452695,87.07200174786533
13,Moscow,290.48,77,75,4,76.16091705286783,-137.21395837005508
14,Moscow,290.48,77,75,4,-30.89550452708957,100.59244546983842
15,Moscow,290.48,77,75,4,-13.203710967570856,-58.07463424487682
16,Moscow,290.48,77,75,4,58.985860291588665,-8.816779402980387
17,Moscow,290.48,77,75,4,1.4134515331093098,-46.74539710300667
18,Moscow,290.48,77,75,4,-18.46777132032929,104.81034601820738
19,Moscow,290.48,77,75,4,37.28856130139616,47.14117803744438
20,Moscow,290.48,77,75,4,43.36489069650304,13.53242952274698
21,Moscow,290.48,77,75,4,72.47746121148376,-132.64334420564444
22,Moscow,290.48,77,75,4,45.09093919702107,-6.921137205226529
23,Moscow,290.48,77,75,4,75.82950858884757,107.37822916020457
24,Moscow,290.48,77,75,4,3.679442902115042,-173.433610366815
25,Moscow,290.48,77,75,4,52.120809269188214,-96.55142142828342
26,Moscow,290.48,77,75,4,56.75292034240525,-106.06715571522358
27,Moscow,290.48,77,75,4,42.046321382650575,-52.738963396963214
28,Moscow,290.48,77,75,4,-75.20811873834441,43.1530726931976
29,Moscow,290.48,77,75,4,42.557722318289564,161.77300931375333
30,Moscow,290.48,77,75,4,87.14941813057001,139.4942439206422
31,Moscow,290.48,77,75,4,-9.04013995726217,-61.66434849364347
32,Moscow,290.48,77,75,4,62.68695672173263,76.6919529639199
33,Moscow,290.48,77,75,4,1.3323905713268402,100.16786655072184
34,Moscow,290.48,77,75,4,65.39825145105519,123.55418342681412
35,Moscow,290.48,77,75,4,-9.862248311782736,-56.590567131396355
36,Moscow,290.48,77,75,4,-28.497659931830682,3.2017037235652595
37,Moscow,290.48,77,75,4,-58.097219480553804,-94.187400223576
38,Moscow,290.48,77,75,4,19.162873810774272,163.11067676117938
39,Moscow,290.48,77,75,4,51.94352692745497,59.19355284759513
40,Moscow,290.48,77,75,4,-23.146877951548802,-39.63474677074194
41,Moscow,290.48,77,75,4,-25.964726739184883,-98.76860897053736
42,Moscow,290.48,77,75,4,59.443274659081624,-93.3133170761557
43,Moscow,290.48,77,75,4,-75.2020808526507,22.48523052878963
44,Moscow,290.48,77,75,4,43.66297374146089,-97.22474982566312
45,Moscow,290.48,77,75,4,70.3869340239325,-70.4581984335913
46,Moscow,290.48,77,75,4,23.399876516291727,-151.4221908341449
47,Moscow,290.48,77,75,4,-7.959500923451387,-170.41306258559973
48,Moscow,290.48,77,75,4,0.6817772353159341,-140.7465734897346
49,Moscow,290.48,77,75,4,70.7126610032065,-51.82656099616449
50,Moscow,290.48,77,75,4,-45.140441958510806,-40.16660925390664
51,Moscow,290.48,77,75,4,-21.62375575949477,100.8164094708323
52,Moscow,290.48,77,75,4,-34.17578093892601,166.609042931734
53,Moscow,290.48,77,75,4,-24.48146486296031,142.08612501463568
54,Moscow,290.48,77,75,4,18.439556132336378,-61.6964125621177
55,Moscow,290.48,77,75,4,34.52763857280675,-176.2221012347652
56,Moscow,290.48,77,75,4,16.755939620799424,-175.5218198601221
57,Moscow,290.48,77,75,4,-65.33094373962052,176.612587281848
58,Moscow,290.48,77,75,4,72.27159221458922,96.32002895529939
59,Moscow,290.48,77,75,4,-79.29960574467538,59.0651919737291
60,Moscow,290.48,77,75,4,-1.62553039900979,-26.09707979280634
61,Moscow,290.48,77,75,4,-20.291480228242065,-68.69113209237369
62,Moscow,290.48,77,75,4,-2.7498648409331565,96.07625587901327
63,Moscow,290.48,77,75,4,-8.19267537110693,-2.4908886813877587
64,Moscow,290.48,77,75,4,-86.11751475509148,-167.25118238426623
65,Moscow,290.48,77,75,4,-84.02923103817778,120.75542292873911
66,Moscow,290.48,77,75,4,28.207537010952223,-167.0645923008334
67,Moscow,290.48,77,75,4,65.07229870098885,10.365594607607363
68,Moscow,290.48,77,75,4,10.302317483937898,-120.65275143605106
69,Moscow,290.48,77,75,4,1.2569229828865787,-118.54227654320758
70,Moscow,290.48,77,75,4,-48.115256393227256,-17.410369960041947
71,Moscow,290.48,77,75,4,-1.228517885570497,39.00099858155656
72,Moscow,290.48,77,75,4,-38.482006729957874,-127.01245100768182
73,Moscow,290.48,77,75,4,87.39052757520989,21.913806429135633
74,Moscow,290.48,77,75,4,-55.29830191399139,-125.39521882363576
75,Moscow,290.48,77,75,4,20.947398242376508,59.059902580613425
76,Moscow,290.48,77,75,4,-73.92247724659586,42.64519115117341
77,Moscow,290.48,77,75,4,-13.390497772395932,-103.72214914375455
78,Moscow,290.48,77,75,4,-5.096406420715837,144.73337683453536
79,Moscow,290.48,77,75,4,-87.83046845127798,39.630834795730806
80,Moscow,290.48,77,75,4,-14.121447226470181,-8.244860065313702
81,Moscow,290.48,77,75,4,-10.601865426003428,-175.5502170561243
82,Moscow,290.48,77,75,4,5.743854548528859,-3.621308859711462
83,Moscow,290.48,77,75,4,-5.15017392970401,-161.48788707700834
84,Moscow,290.48,77,75,4,50.138648169114674,56.617625487134404
85,Moscow,290.48,77,75,4,28.725859655289085,-153.2047768000472
86,Moscow,290.48,77,75,4,82.03597541177902,61.088823681533086
87,Moscow,290.48,77,75,4,-57.545587863400726,102.7727838799558
88,Moscow,290.48,77,75,4,-71.93411939387732,-158.05044090985746
89,Moscow,290.48,77,75,4,-39.3960214353877,-150.19002614050544
90,Moscow,290.48,77,75,4,-21.761770513152797,-44.63735734400885
91,Moscow,290.48,77,75,4,6.706887158272437,16.223139110079302
92,Moscow,290.48,77,75,4,-67.74625839599076,85.40399626167095
93,Moscow,290.48,77,75,4,34.15415840788994,2.3273689494481005
94,Moscow,290.48,77,75,4,63.01308301085504,142.68736397009656
95,Moscow,290.48,77,75,4,52.02435681880513,-42.27345605432194
96,Moscow,290.48,77,75,4,-35.28100447261913,43.60650762915009
97,Moscow,290.48,77,75,4,0.6131644055212604,44.96086025682996
98,Moscow,290.48,77,75,4,36.871913713818145,-118.47697507902635
99,Moscow,290.48,77,75,4,-5.325197782550305,147.7378283169612
100,Moscow,290.48,77,75,4,-74.55647510398603,-105.92910080757736
101,Moscow,290.48,77,75,4,-22.9224162244858,-70.54649232658394
102,Moscow,290.48,77,75,4,7.6189131857902765,-51.545886709384234
103,Moscow,290.48,77,75,4,-78.71975394350714,136.48794782033121
104,Moscow,290.48,77,75,4,85.76702842040129,-109.88482529835002
105,Moscow,290.48,77,75,4,20.70580616870774,88.43299286195571
106,Moscow,290.48,77,75,4,-85.73993535595623,55.539046384722525
107,Moscow,290.48,77,75,4,-19.455599514270347,-38.719887135399716
108,Moscow,290.48,77,75,4,44.55618153450081,52.543769436289296
109,Moscow,290.48,77,75,4,-64.91164117411375,-58.98510879957125
110,Moscow,290.48,77,75,4,9.739180970457298,125.92984798596376
111,Moscow,290.48,77,75,4,32.338919539472215,-82.38703063000698
112,Moscow,290.48,77,75,4,3.5200358500984095,-88.24146028975613
113,Moscow,290.48,77,75,4,4.5735349258551565,-24.564036818988512
114,Moscow,290.48,77,75,4,75.87198706656343,-178.17104223384234
115,Moscow,290.48,77,75,4,18.701267036038217,-81.08536486420472
116,Moscow,290.48,77,75,4,-29.634557988769465,-113.89646215129862
117,Moscow,290.48,77,75,4,-28.884364600846773,-42.736494936109324
118,Moscow,290.48,77,75,4,-31.53973577074084,-35.17566721727536
119,Moscow,290.48,77,75,4,-29.894757660001993,-175.22911309955967
120,Moscow,290.48,77,75,4,75.26478742585002,-107.21680711597656
121,Moscow,290.48,77,75,4,29.446595870254015,140.40424952934592
122,Moscow,290.48,77,75,4,-56.67690114489096,-117.46958069954962
123,Moscow,290.48,77,75,4,40.55256595700553,90.10614119600541
124,Moscow,290.48,77,75,4,-14.380862954833574,-165.34333518829922
125,Moscow,290.48,77,75,4,-4.796511408426895,3.459852319674667
126,Moscow,290.48,77,75,4,45.85100867459667,176.1379540618417
127,Moscow,290.48,77,75,4,72.95286502494355,-64.31929315500506
128,Moscow,290.48,77,75,4,-7.076093334330835,80.75203234255082
129,Moscow,290.48,77,75,4,23.60266618653162,-52.20382317794868
130,Moscow,290.48,77,75,4,56.97723649617896,-29.738604998111953
131,Moscow,290.48,77,75,4,14.70624920912799,-170.6373773542888
132,Moscow,290.48,77,75,4,-9.4072638571093,-4.306359798286479
133,Moscow,290.48,77,75,4,72.74647626865078,-63.042526663579366
134,Moscow,290.48,77,75,4,-41.404328809972135,24.663109095646348
135,Moscow,290.48,77,75,4,34.78935327744726,41.013975905038876
136,Moscow,290.48,77,75,4,60.122717747655145,-6.200825665587672
137,Moscow,290.48,77,75,4,18.474029473136554,18.322670425272662
138,Moscow,290.48,77,75,4,31.760615265586708,115.44345924167624
139,Moscow,290.48,77,75,4,-41.82032291763626,-97.2234951372345
140,Moscow,290.48,77,75,4,-24.49500024151577,40.505358472966606
141,Moscow,290.48,77,75,4,37.94111700795432,166.64874549809815
142,Moscow,290.48,77,75,4,23.402869144317805,-74.80501773949744
143,Moscow,290.48,77,75,4,-34.2118377536968,70.77250127177439
144,Moscow,290.48,77,75,4,67.20046476161238,20.23471088566265
145,Moscow,290.48,77,75,4,-8.140792798131997,-89.08725143395587
146,Moscow,290.48,77,75,4,-13.56645766110438,165.92135262043877
147,Moscow,290.48,77,75,4,-51.94631380493422,148.69896205282652
148,Moscow,290.48,77,75,4,-36.28806659725653,-170.1895283602495
149,Moscow,290.48,77,75,4,58.11624695877214,27.293807690899342
150,Moscow,290.48,77,75,4,70.71371408125947,104.07682729769749
151,Moscow,290.48,77,75,4,-25.778758963719397,14.994523808593755
152,Moscow,290.48,77,75,4,38.25420690621584,11.191277696466727
153,Moscow,290.48,77,75,4,89.83731827433388,142.03602041016092
154,Moscow,290.48,77,75,4,-56.02975223701449,134.23999518831363
155,Moscow,290.48,77,75,4,-9.825185271083711,-116.88258222709791
156,Moscow,290.48,77,75,4,59.719113547783905,70.41557326629751
157,Moscow,290.48,77,75,4,2.735816733903107,38.23052974230916
158,Moscow,290.48,77,75,4,75.75204343476463,-126.67381431534659
159,Moscow,290.48,77,75,4,-26.330204958974562,176.1585121444174
160,Moscow,290.48,77,75,4,-38.93281332836981,43.16676719755458
161,Moscow,290.48,77,75,4,72.66063373705381,49.484915725295906
162,Moscow,290.48,77,75,4,-45.95444364806936,8.03859800228551
163,Moscow,290.48,77,75,4,-24.196418983975235,-167.55904831407312
164,Moscow,290.48,77,75,4,-57.647652498667775,27.220809637751017
165,Moscow,290.48,77,75,4,-33.3383546901545,54.59586653061709
166,Moscow,290.48,77,75,4,86.64458368988585,128.39169620192268
167,Moscow,290.48,77,75,4,-5.92829530809135,100.46585018242081
168,Moscow,290.48,77,75,4,-14.660773339380768,-31.572819075785304
169,Moscow,290.48,77,75,4,66.50489707062835,-138.7619587670746
170,Moscow,290.48,77,75,4,-68.65513781512931,-179.22723018507804
171,Moscow,290.48,77,75,4,-10.789278108416752,121.4754059777573
172,Moscow,290.48,77,75,4,-76.509146489524,-54.645946617085954
173,Moscow,290.48,77,75,4,59.62467264908696,-0.8128080123831296
174,Moscow,290.48,77,75,4,-72.88809101215566,-77.75372552230614
175,Moscow,290.48,77,75,4,17.443463959494608,1.9959817466167635
176,Moscow,290.48,77,75,4,71.8583700191983,-36.47091060658602
177,Moscow,290.48,77,75,4,-83.07223473145865,76.83359140371971
178,Moscow,290.48,77,75,4,48.53126426318025,-125.90929302243008
179,Moscow,290.48,77,75,4,-34.325874819007964,102.11057166734372
180,Moscow,290.48,77,75,4,79.89543553915794,-104.14463406441658
181,Moscow,290.48,77,75,4,-12.348244684974219,-13.917956281495805
182,Moscow,290.48,77,75,4,10.352456167986972,-36.086239623906636
183,Moscow,290.48,77,75,4,-35.89917014900332,-122.732795349389
184,Moscow,290.48,77,75,4,15.290492961075941,59.15480582109686
185,Moscow,290.48,77,75,4,-85.58548212720726,-40.54973074397196
186,Moscow,290.48,77,75,4,-18.492982391155223,139.98219704739665
187,Moscow,290.48,77,75,4,84.1617646566732,-9.500232691855558
188,Moscow,290.48,77,75,4,-16.587103535454844,95.58846876971171
189,Moscow,290.48,77,75,4,-8.041448454892105,-40.17023758725941
190,Moscow,290.48,77,75,4,-65.84669406123082,23.815080282738847
191,Moscow,290.48,77,75,4,-45.884907269871405,115.06381681768517
192,Moscow,290.48,77,75,4,6.199469182226238,-13.431456694480971
193,Moscow,290.48,77,75,4,-87.90873358927139,-25.21641781145229
194,Moscow,290.48,77,75,4,-38.14263271297289,-69.81108668916963
195,Moscow,290.48,77,75,4,-43.16369463313139,-81.22882817860106
196,Moscow,290.48,77,75,4,-41.470053913918605,143.03206542940381
197,Moscow,290.48,77,75,4,-2.9907052649916324,-41.88253126222841
198,Moscow,290.48,77,75,4,52.976440626552176,-134.04525120547117
199,Moscow,290.48,77,75,4,89.99239277824839,-168.4481955370045
200,Moscow,290.48,77,75,4,60.59365863618709,118.02663567818018
201,Moscow,290.48,77,75,4,-81.61086927839561,159.180958932343
202,Moscow,290.48,77,75,4,59.3977527657253,-167.1904955625624
203,Moscow,290.48,77,75,4,-27.74146192553902,-14.057803171670088
204,Moscow,290.48,77,75,4,52.98270144973091,-160.02217319298785
205,Moscow,290.48,77,75,4,45.2479422022364,161.07799249353246
206,Moscow,290.48,77,75,4,80.57640327196918,140.04350724173668
207,Moscow,290.48,77,75,4,29.605379806993213,101.23397811122697
208,Moscow,290.48,77,75,4,72.82808239629267,85.44704058962992
209,Moscow,290.48,77,75,4,-89.50045593268057,-77.75603531915553
210,Moscow,290.48,77,75,4,54.06782043204183,109.86153814513597
211,Moscow,290.48,77,75,4,-28.941951888213303,44.35180287299352
212,Moscow,290.48,77,75,4,54.567733503979554,-113.76339468414757
213,Moscow,290.48,77,75,4,14.41958796345726,-155.54090223873948
214,Moscow,290.48,77,75,4,-77.03096204135912,63.02980884510151
215,Moscow,290.48,77,75,4,-25.6233780721809,161.22558825499266
216,Moscow,290.48,77,75,4,-27.156068677467083,-72.6505270637891
217,Moscow,290.48,77,75,4,-39.37982608195449,50.72513797272174
218,Moscow,290.48,77,75,4,11.022852687340375,-100.59700281497186
219,Moscow,290.48,77,75,4,35.009025978963734,-13.947327215941414
220,Moscow,290.48,77,75,4,81.93036110200251,59.599853986631274
221,Moscow,290.48,77,75,4,-0.6890943664094493,173.38971549533875
222,Moscow,290.48,77,75,4,-35.654151544412024,55.88091490341611
223,Moscow,290.48,77,75,4,-4.084221946638706,54.027768759822976
224,Moscow,290.48,77,75,4,65.11402187904778,-57.92034805188307
225,Moscow,290.48,77,75,4,-76.93836756628923,42.930159679546136
226,Moscow,290.48,77,75,4,1.0844835499826644,168.02595463568787
227,Moscow,290.48,77,75,4,19.86903586315603,115.87875853122569
228,Moscow,290.48,77,75,4,-24.44709046077024,26.37503316083817
229,Moscow,290.48,77,75,4,-72.74220335002063,159.15788355020948
230,Moscow,290.48,77,75,4,-67.84619843582088,-21.444297011586087
231,Moscow,290.48,77,75,4,-10.67601514724484,40.62186871345759
232,Moscow,290.48,77,75,4,-58.50142598040565,29.47382353788214
233,Moscow,290.48,77,75,4,6.023525574217203,-107.12142957530926
234,Moscow,290.48,77,75,4,65.031785384113,123.64277234165769
235,Moscow,290.48,77,75,4,14.709608052986354,143.64622455733092
236,Moscow,290.48,77,75,4,-23.04676676215705,-85.90831189959121
237,Moscow,290.48,77,75,4,-47.412233356491264,25.55344990726161
238,Moscow,290.48,77,75,4,-69.74285941516506,-164.67245600598216
239,Moscow,290.48,77,75,4,-32.71588181242028,-173.71606943378416
240,Moscow,290.48,77,75,4,43.29295615690222,117.93006219584805
241,Moscow,290.48,77,75,4,63.60623860181181,121.12565025354542
242,Moscow,290.48,77,75,4,53.747401193191536,133.22239649625743
243,Moscow,290.48,77,75,4,50.94270174932342,83.91988442503708
244,Moscow,290.48,77,75,4,-26.242921184115083,82.25011108056651
245,Moscow,290.48,77,75,4,-6.433661855309111,156.65857645450825
246,Moscow,290.48,77,75,4,-6.384906394238357,162.86654219006942
247,Moscow,290.48,77,75,4,-51.55125341163257,22.586541651313155
248,Moscow,290.48,77,75,4,-1.3620228992146792,-118.16961819899313
249,Moscow,290.48,77,75,4,71.12384432783537,-106.80117943090313
250,Moscow,290.48,77,75,4,-40.64225239089777,-152.01977391617305
251,Moscow,290.48,77,75,4,72.62515065918788,-36.687298068100944
252,Moscow,290.48,77,75,4,68.69549912833963,126.55954897860482
253,Moscow,290.48,77,75,4,18.44512517857183,-13.777408162425587
254,Moscow,290.48,77,75,4,-68.21634469322971,174.58224419791998
255,Moscow,290.48,77,75,4,79.27812900920739,-172.01476557257018
256,Moscow,290.48,77,75,4,-50.00234291164803,63.91256757406438
257,Moscow,290.48,77,75,4,24.27591508575648,102.69405130475786
258,Moscow,290.48,77,75,4,-30.552067680240384,-178.56552227479807
259,Moscow,290.48,77,75,4,-67.08518328730939,115.90791530844683
260,Moscow,290.48,77,75,4,19.956496529690284,79.59042356957474
261,Moscow,290.48,77,75,4,81.3015366530004,-34.6900055026353
262,Moscow,290.48,77,75,4,-79.30516990981755,105.74234578768659
263,Moscow,290.48,77,75,4,66.15491915136653,-77.84133638180221
264,Moscow,290.48,77,75,4,-53.769355341175775,-174.3916611666891
265,Moscow,290.48,77,75,4,-86.13238941782633,-40.44815435501269
266,Moscow,290.48,77,75,4,67.24451743894656,173.65235572738777
267,Moscow,290.48,77,75,4,-81.46611503470845,-17.818866268225577
268,Moscow,290.48,77,75,4,-46.7057996977948,33.863438327634924
269,Moscow,290.48,77,75,4,2.2798939804099376,4.402733536148929
270,Moscow,290.48,77,75,4,73.3719524242388,-118.0969940751807
271,Moscow,290.48,77,75,4,-5.961976404655275,-177.53982210060767
272,Moscow,290.48,77,75,4,55.794076041995424,78.43893072121847
273,Moscow,290.48,77,75,4,-10.171772535822484,-78.16314704834014
274,Moscow,290.48,77,75,4,2.190653644068348,-101.10337240732133
275,Moscow,290.48,77,75,4,-44.952284605225714,130.00782105554373
276,Moscow,290.48,77,75,4,-39.54058968797281,54.825996790559344
277,Moscow,290.48,77,75,4,-78.79178175296349,2.3442224452700486
278,Moscow,290.48,77,75,4,81.02518909266445,32.709060077560395
279,Moscow,290.48,77,75,4,60.10881960284763,-115.72529190294037
280,Moscow,290.48,77,75,4,-21.101622869514728,118.77465518718367
281,Moscow,290.48,77,75,4,82.8742632258645,160.5730232662159
282,Moscow,290.48,77,75,4,-47.89936526341726,-82.67919988616502
283,Moscow,290.48,77,75,4,-24.847233857327794,117.42576082739924
284,Moscow,290.48,77,75,4,5.984150746216926,167.50391038960146
285,Moscow,290.48,77,75,4,5.440787897557499,-123.49847788358005
286,Moscow,290.48,77,75,4,38.68680292978601,-117.7495939262966
287,Moscow,290.48,77,75,4,-49.87363214796622,114.60830072029063
288,Moscow,290.48,77,75,4,15.779011855857206,-178.96591672657175
289,Moscow,290.48,77,75,4,29.444333197458974,37.6822759796095
290,Moscow,290.48,77,75,4,-0.3091437969616493,24.163982079820528
291,Moscow,290.48,77,75,4,-36.51371500874703,-151.91104787379732
292,Moscow,290.48,77,75,4,-74.43543824307135,-56.01167071781656
293,Moscow,290.48,77,75,4,-47.32167235074793,-19.943538727890285
294,Moscow,290.48,77,75,4,5.079001528544495,-165.76838354928503
295,Moscow,290.48,77,75,4,-68.37766907394284,86.99617093650744
296,Moscow,290.48,77,75,4,-46.0239290962997,72.05290593303678
297,Moscow,290.48,77,75,4,-15.637020851390375,-151.70197059470846
298,Moscow,290.48,77,75,4,-89.4761176583785,-4.621070806739652
299,Moscow,290.48,77,75,4,-57.74182673118287,-131.12348501876022
300,Moscow,290.48,77,75,4,-34.91284829244926,-5.349928168950299
301,Moscow,290.48,77,75,4,28.490863355318396,-139.76720468548282
302,Moscow,290.48,77,75,4,-35.15443425387468,161.78267574688914
303,Moscow,290.48,77,75,4,-0.6377368625162774,80.90515519595976
304,Moscow,290.48,77,75,4,-21.519125388675647,-97.38538315000758
305,Moscow,290.48,77,75,4,77.05928834406029,-142.3138098825363
306,Moscow,290.48,77,75,4,-47.09497822071116,-64.55072868441083
307,Moscow,290.48,77,75,4,-85.79344276793007,26.83883088544337
308,Moscow,290.48,77,75,4,0.5433295244574623,-86.92674621596
309,Moscow,290.48,77,75,4,-14.480569487397574,40.20949322054619
310,Moscow,290.48,77,75,4,64.44916615294909,-100.02950419528112
311,Moscow,290.48,77,75,4,-8.283166642971466,-81.3909842171074
312,Moscow,290.48,77,75,4,30.242269281717782,-12.504429935225971
313,Moscow,290.48,77,75,4,-64.0672730478073,87.74596141243217
314,Moscow,290.48,77,75,4,-46.97797888374207,-63.935436312697675
315,Moscow,290.48,77,75,4,66.04161201890858,4.621353741771173
316,Moscow,290.48,77,75,4,68.88155993560659,154.47995020587894
317,Moscow,290.48,77,75,4,76.92630925997918,165.65275089823137
318,Moscow,290.48,77,75,4,-50.66402169079064,171.46687687610074
319,Moscow,290.48,77,75,4,-39.622752836916305,-147.4888976623034
320,Moscow,290.48,77,75,4,25.845257474196373,-107.43851152830852
321,Moscow,290.48,77,75,4,-10.61037541268962,-70.95809756338184
322,Moscow,290.48,77,75,4,26.536627863395722,-109.99821993235469
323,Moscow,290.48,77,75,4,81.90193248592468,-125.5551979706115
324,Moscow,290.48,77,75,4,-57.64083875646388,13.393793957249187
325,Moscow,290.48,77,75,4,-24.671823343500776,-38.23771356082469
326,Moscow,290.48,77,75,4,41.532010498312445,119.9645571473165
327,Moscow,290.48,77,75,4,82.75455339684805,39.09213572394876
328,Moscow,290.48,77,75,4,31.88712553982954,-66.09415907553672
329,Moscow,290.48,77,75,4,71.77737856951791,41.69529729218573
330,Moscow,290.48,77,75,4,-26.871527513532897,138.90420300733814
331,Moscow,290.48,77,75,4,-44.25368555069705,95.76113050496343
332,Moscow,290.48,77,75,4,-4.896588309956613,179.0419392513141
333,Moscow,290.48,77,75,4,-16.899459561668152,112.952114517599
334,Moscow,290.48,77,75,4,47.102986604058145,-9.001340172460942
335,Moscow,290.48,77,75,4,61.9412783820338,159.28205720209445
336,Moscow,290.48,77,75,4,-60.855493760949855,-58.09445271487624
337,Moscow,290.48,77,75,4,-47.615221104333045,100.93547647347924
338,Moscow,290.48,77,75,4,50.55498404903554,-134.81052601435283
339,Moscow,290.48,77,75,4,-84.21509749050196,23.376424372295816
340,Moscow,290.48,77,75,4,16.57775908844721,29.962141631940625
341,Moscow,290.48,77,75,4,20.58446721375273,-121.98379997781788
342,Moscow,290.48,77,75,4,-7.648394070278954,32.86628470598623
343,Moscow,290.48,77,75,4,88.77089053538722,-71.90053664293866
344,Moscow,290.48,77,75,4,22.03040838156511,51.399599586349524
345,Moscow,290.48,77,75,4,-19.830204369791886,-24.298389684392788
346,Moscow,290.48,77,75,4,42.505660918888736,-135.47857386894165
347,Moscow,290.48,77,75,4,65.74283420853146,23.827015621143715
348,Moscow,290.48,77,75,4,62.43523194777683,160.6465014631766
349,Moscow,290.48,77,75,4,-3.384644896721909,110.28701479317368
350,Moscow,290.48,77,75,4,-71.39771739549175,-66.23832575863787
351,Moscow,290.48,77,75,4,-87.8218414038868,-11.923913989635736
352,Moscow,290.48,77,75,4,-1.139971554041324,-19.13037726104332
353,Moscow,290.48,77,75,4,39.621548527401075,56.99247511917659
354,Moscow,290.48,77,75,4,61.06488546753471,-21.953927274533584
355,Moscow,290.48,77,75,4,60.150951643709845,-105.60019604524248
356,Moscow,290.48,77,75,4,83.4295529551311,-133.01656480631044
357,Moscow,290.48,77,75,4,-72.76429985953746,110.49559144533453
358,Moscow,290.48,77,75,4,-33.893980350481634,-112.55086462826404
359,Moscow,290.48,77,75,4,-72.76647701904675,25.30089292637956
360,Moscow,290.48,77,75,4,-83.1746121351224,17.988496057781703
361,Moscow,290.48,77,75,4,-44.85355992229916,-15.9891132711534
362,Moscow,290.48,77,75,4,-53.5365702724623,-7.842030839307057
363,Moscow,290.48,77,75,4,-34.005452406226695,67.52006204202405
364,Moscow,290.48,77,75,4,48.072883952720815,18.688798922785736
365,Moscow,290.48,77,75,4,-64.8101150324272,40.88184882819945
366,Moscow,290.48,77,75,4,-18.114472043427554,-41.48539011065111
367,Moscow,290.48,77,75,4,4.098887909435561,-82.47177785316751
368,Moscow,290.48,77,75,4,21.04556191292211,161.3561751894406
369,Moscow,290.48,77,75,4,36.097610678915046,-10.554661795118022
370,Moscow,290.48,77,75,4,70.1740385269843,91.71786761039351
371,Moscow,290.48,77,75,4,-35.64259714929746,84.09596637796528
372,Moscow,290.48,77,75,4,-24.01573754789098,4.5533531730789605
373,Moscow,290.48,77,75,4,-87.5723716222303,-36.63349761797542
374,Moscow,290.48,77,75,4,48.5414176354555,-76.9017489885716
375,Moscow,290.48,77,75,4,-72.80317327872216,-30.46493455700997
376,Moscow,290.48,77,75,4,13.733816194420712,52.381722625504835
377,Moscow,290.48,77,75,4,42.773587750136784,-141.62086846372753
378,Moscow,290.48,77,75,4,-12.349770409715887,156.6579463843525
379,Moscow,290.48,77,75,4,-3.792676346236462,-92.11282852289466
380,Moscow,290.48,77,75,4,-18.963843531511486,-15.091727136316507
381,Moscow,290.48,77,75,4,51.00730323773939,143.5150868662476
382,Moscow,290.48,77,75,4,7.443736406349444,-11.01742513308784
383,Moscow,290.48,77,75,4,79.38966125980022,84.6307357284187
384,Moscow,290.48,77,75,4,72.42268046360482,-100.52752770673489
385,Moscow,290.48,77,75,4,22.380372989422,17.07897395168169
386,Moscow,290.48,77,75,4,11.039912081774517,-161.6624962624345
387,Moscow,290.48,77,75,4,-57.29716769362429,-145.98030672296247
388,Moscow,290.48,77,75,4,38.08035848684182,-106.98191419369999
389,Moscow,290.48,77,75,4,49.19168781933547,45.72281475879598
390,Moscow,290.48,77,75,4,-22.322909923555073,-35.45269648428166
391,Moscow,290.48,77,75,4,72.24364727520978,-65.77458844340265
392,Moscow,290.48,77,75,4,-44.32552942367963,26.060819370606396
393,Moscow,290.48,77,75,4,23.74880367057419,-55.57031849831402
394,Moscow,290.48,77,75,4,-31.659653185080913,153.18674165112856
395,Moscow,290.48,77,75,4,-31.75932388117952,-133.95336859732492
396,Moscow,290.48,77,75,4,27.69744149468029,-136.07100439739457
397,Moscow,290.48,77,75,4,-75.34519363166932,-142.79237834808174
398,Moscow,290.48,77,75,4,40.241171445592244,-140.68784723955474
399,Moscow,290.48,77,75,4,-19.213947201530317,135.47899973690176
400,Moscow,290.48,77,75,4,48.39545864119492,65.31610536835149
401,Moscow,290.48,77,75,4,-64.89609307837884,61.74656130912115
402,Moscow,290.48,77,75,4,-22.27183309482568,-152.63363339712575
403,Moscow,290.48,77,75,4,-49.919829838516875,101.9492120191756
404,Moscow,290.48,77,75,4,85.00436577265242,37.21154104605185
405,Moscow,290.48,77,75,4,32.408023375940445,62.310961949853265
406,Moscow,290.48,77,75,4,-2.434167521729023,14.084552579021192
407,Moscow,290.48,77,75,4,-24.766166051025564,-133.5659792324812
408,Moscow,290.48,77,75,4,-32.50144958107402,-151.21147981116113
409,Moscow,290.48,77,75,4,0.14719895415845485,92.39722163360824
410,Moscow,290.48,77,75,4,65.16131052840583,168.72232304238543
411,Moscow,290.48,77,75,4,-27.196094335290212,-49.364194012364635
412,Moscow,290.48,77,75,4,-87.93462747560501,172.951117782683
413,Moscow,290.48,77,75,4,-55.31890686060062,20.12358166220514
414,Moscow,290.48,77,75,4,-12.522441285699827,27.751319510803853
415,Moscow,290.48,77,75,4,47.038336026555555,-62.057439742081016
416,Moscow,290.48,77,75,4,-4.636725393617951,59.461662310770805
417,Moscow,290.48,77,75,4,-80.6697459006418,64.66961552840547
418,Moscow,290.48,77,75,4,-25.22001222788937,-98.59468085720044
419,Moscow,290.48,77,75,4,37.996037122083905,-41.26119316041806
420,Moscow,290.48,77,75,4,-80.82610384247293,130.18462508318981
421,Moscow,290.48,77,75,4,51.8822656883398,154.21914862738754
422,Moscow,290.48,77,75,4,19.512208887945803,136.45720627996025
423,Moscow,290.48,77,75,4,5.350996717348778,86.91530328187315
424,Moscow,290.48,77,75,4,16.86534732967192,-76.67607090203393
425,Moscow,290.48,77,75,4,71.91628353022998,-141.7794181163041
426,Moscow,290.48,77,75,4,26.011936820580573,-142.1749156306441
427,Moscow,290.48,77,75,4,-13.693271238295267,-141.48366070717486
428,Moscow,290.48,77,75,4,27.16277236394079,122.89890259864978
429,Moscow,290.48,77,75,4,-46.513555030969485,-57.34995306890488
430,Moscow,290.48,77,75,4,4.663586157661555,-138.7765618633551
431,Moscow,290.48,77,75,4,-89.00591265859202,-50.17929623326168
432,Moscow,290.48,77,75,4,8.120102459018312,-145.3804110799698
433,Moscow,290.48,77,75,4,-54.87428848026655,-45.27911165929024
434,Moscow,290.48,77,75,4,-73.49916312262701,-173.91143683388734
435,Moscow,290.48,77,75,4,13.69350582518237,-118.98201270460623
436,Moscow,290.48,77,75,4,-86.82873057873783,-65.79313041881248
437,Moscow,290.48,77,75,4,89.10886434374234,-99.22875947888265
438,Moscow,290.48,77,75,4,24.320885129892616,102.83328656245521
439,Moscow,290.48,77,75,4,-77.33573384338018,69.53272864194128
440,Moscow,290.48,77,75,4,-83.70115196455956,-138.03404179711785
441,Moscow,290.48,77,75,4,-43.447369426938316,-87.28839705927352
442,Moscow,290.48,77,75,4,-39.338213892162855,54.06660932172477
443,Moscow,290.48,77,75,4,-27.537723301434433,67.45347048055342
444,Moscow,290.48,77,75,4,0.44204813080320093,100.50355134384125
445,Moscow,290.48,77,75,4,8.881189881864756,-11.573642299522135
446,Moscow,290.48,77,75,4,35.842635461331554,18.99723638496883
447,Moscow,290.48,77,75,4,-47.81679137481894,-103.07807170719796
448,Moscow,290.48,77,75,4,2.925734985902494,13.655238383214225
449,Moscow,290.48,77,75,4,28.562819901651082,-109.812286621978
450,Moscow,290.48,77,75,4,23.35803583484899,-73.64668109984622
451,Moscow,290.48,77,75,4,2.7764971913997556,-1.55531891821542
452,Moscow,290.48,77,75,4,-69.92354084405703,-65.72612243887205
453,Moscow,290.48,77,75,4,49.14262913045002,12.505524396004006
454,Moscow,290.48,77,75,4,13.932602571815451,-115.53567662620489
455,Moscow,290.48,77,75,4,-64.2544283227746,77.20722413646712
456,Moscow,290.48,77,75,4,5.786918502765886,59.092554184693256
457,Moscow,290.48,77,75,4,33.03486544257767,33.92395336006879
458,Moscow,290.48,77,75,4,-79.06377250506647,129.10771710817727
459,Moscow,290.48,77,75,4,66.04612894774354,-93.64817446440256
460,Moscow,290.48,77,75,4,25.598320101030737,70.72566587769612
461,Moscow,290.48,77,75,4,8.749983415065728,-9.840171891091046
462,Moscow,290.48,77,75,4,-84.23243304575865,20.166086050810264
463,Moscow,290.48,77,75,4,53.402867526325934,163.30580756197855
464,Moscow,290.48,77,75,4,76.7573035465768,151.16507085849702
465,Moscow,290.48,77,75,4,80.44925441396356,-29.863015568092607
466,Moscow,290.48,77,75,4,32.994957408393844,-33.97480839205241
467,Moscow,290.48,77,75,4,1.711157322731978,-165.72266890063975
468,Moscow,290.48,77,75,4,-52.835869139982016,12.441989418767179
469,Moscow,290.48,77,75,4,34.19817961087165,-117.35366186776717
470,Moscow,290.48,77,75,4,22.35702099247233,-79.02449529946739
471,Moscow,290.48,77,75,4,63.61693506325881,149.87353452839255
472,Moscow,290.48,77,75,4,20.500857169099987,74.08960495542092
473,Moscow,290.48,77,75,4,67.24089213980679,-74.40846436056533
474,Moscow,290.48,77,75,4,-52.920566446759004,-17.362283693619105
475,Moscow,290.48,77,75,4,57.859656260609086,-37.7814951840345
476,Moscow,290.48,77,75,4,40.55225574713697,-41.93795625482875
477,Moscow,290.48,77,75,4,31.013183681145875,-124.21141016628472
478,Moscow,290.48,77,75,4,-39.39674837522555,110.42697248558352
479,Moscow,290.48,77,75,4,11.637637079290016,119.77624957865959
480,Moscow,290.48,77,75,4,-42.66495813566351,2.8329900935102614
481,Moscow,290.48,77,75,4,44.119452545652365,-85.4654549231236
482,Moscow,290.48,77,75,4,-23.248441323896813,-45.02334220580997
483,Moscow,290.48,77,75,4,-53.332666477535646,175.44596832715598
484,Moscow,290.48,77,75,4,-3.441467109658589,-48.99355144295896
485,Moscow,290.48,77,75,4,-70.41713748896386,-21.614090640601546
486,Moscow,290.48,77,75,4,-86.11527876979322,76.70896823162934
487,Moscow,290.48,77,75,4,-37.99752763821744,80.57089056333825
488,Moscow,290.48,77,75,4,-5.148406624392891,123.0808870720287
489,Moscow,290.48,77,75,4,-59.25742996820503,18.151016034235653
490,Moscow,290.48,77,75,4,60.2507492457832,-98.94704610283817
491,Moscow,290.48,77,75,4,-81.3553558528827,-89.46304726724556
492,Moscow,290.48,77,75,4,-56.138826623185146,-150.73427760932734
493,Moscow,290.48,77,75,4,-40.145991333766325,-170.4723429268152
494,Moscow,290.48,77,75,4,-8.235388840484063,10.895944693995432
495,Moscow,290.48,77,75,4,16.999023682047394,-60.45310638154497
496,Moscow,290.48,77,75,4,80.30096744941591,130.2255789759078
497,Moscow,290.48,77,75,4,60.20247133051993,-37.40258838765331
498,Moscow,290.48,77,75,4,40.013484955633174,85.63427057606566
499,Moscow,290.48,77,75,4,-73.94549945732943,50.05208362937958
500,Moscow,290.48,77,75,4,-5.262509614738406,-36.84986798968967
501,Moscow,290.48,77,75,4,-19.532365612569535,79.4153302664223
502,Moscow,290.48,77,75,4,-56.39399179383046,153.60526624099748
503,Moscow,290.48,77,75,4,-68.45831945277772,57.71965889629243
504,Moscow,290.48,77,75,4,10.557214939068743,-15.691415088529652
505,Moscow,290.48,77,75,4,40.96376750925464,164.1996942430461
506,Moscow,290.48,77,75,4,4.08139887909843,133.27313680457576
507,Moscow,290.48,77,75,4,-31.11624970952213,143.16176653375152
508,Moscow,290.48,77,75,4,-50.90980202484028,99.33567078792424
509,Moscow,290.48,77,75,4,-80.81270630133051,89.13907610117701
510,Moscow,290.48,77,75,4,44.55436720943763,-154.6423031534253
511,Moscow,290.48,77,75,4,-22.74576545801986,-74.37923392518692
512,Moscow,290.48,77,75,4,-6.287318167501027,31.82139733871813
513,Moscow,290.48,77,75,4,-40.10486439583571,176.03830545252913
514,Moscow,290.48,77,75,4,-65.91387696114266,143.38987088388114
515,Moscow,290.48,77,75,4,69.696522199492,63.80764776750826
516,Moscow,290.48,77,75,4,61.02050309624059,-30.920151674928064
517,Moscow,290.48,77,75,4,23.393559972462313,143.24142118095995
518,Moscow,290.48,77,75,4,-35.82640181584269,31.462775824670814
519,Moscow,290.48,77,75,4,78.02678430503678,-72.07270046386282
520,Moscow,290.48,77,75,4,-55.84638367551173,154.5283079470865
521,Moscow,290.48,77,75,4,21.17113554340297,61.88578751248161
522,Moscow,290.48,77,75,4,-36.333907199410206,-138.35620347701595
523,Moscow,290.48,77,75,4,37.74854437127037,97.95378862816085
524,Moscow,290.48,77,75,4,-14.265333539559194,-95.1787861758502
525,Moscow,290.48,77,75,4,-70.44317810752975,-164.8334889693807
526,Moscow,290.48,77,75,4,56.97568058386443,103.98862463033043
527,Moscow,290.48,77,75,4,77.75086046617668,22.490697723166704
528,Moscow,290.48,77,75,4,-52.16692889747814,75.2083541723049
529,Moscow,290.48,77,75,4,-9.487034182448397,153.43381217280643
530,Moscow,290.48,77,75,4,-30.42362675366102,56.68242221153932
531,Moscow,290.48,77,75,4,-14.927267707640468,-69.39611421008142
532,Moscow,290.48,77,75,4,-24.95046044832469,129.91640419370356
533,Moscow,290.48,77,75,4,-69.00793238524156,0.7195883869795807
534,Moscow,290.48,77,75,4,79.12766361486445,-61.00688466173162
535,Moscow,290.48,77,75,4,-77.6426052454778,8.754634238631525
536,Moscow,290.48,77,75,4,32.230791535000904,58.86335754118619
537,Moscow,290.48,77,75,4,26.460874910884584,46.00963915434809
538,Moscow,290.48,77,75,4,82.20240446875749,-64.46069391146476
539,Moscow,290.48,77,75,4,51.7685955448502,139.54252228254995
540,Moscow,290.48,77,75,4,-67.1690887492012,55.247001592365194
541,Moscow,290.48,77,75,4,69.88812395214052,-45.52881927307601
542,Moscow,290.48,77,75,4,55.91813216357315,43.82814502394086
543,Moscow,290.48,77,75,4,37.24622353165641,-44.855876599199036
544,Moscow,290.48,77,75,4,-24.82521386043159,137.53347773274447
545,Moscow,290.48,77,75,4,24.77891407131358,112.33121712513758
546,Moscow,290.48,77,75,4,-62.991216557355344,-37.19413913187671
547,Moscow,290.48,77,75,4,26.222803602145177,-52.237806835328115
548,Moscow,290.48,77,75,4,67.26424881539282,96.8349322642033
549,Moscow,290.48,77,75,4,23.062717165868037,46.14141318431845
550,Moscow,290.48,77,75,4,-5.163269223124246,36.48277234525821
551,Moscow,290.48,77,75,4,62.659656425246226,-5.858067929365433
552,Moscow,290.48,77,75,4,-42.85201660335984,113.31080691789731
553,Moscow,290.48,77,75,4,-80.92643138814365,-84.51361021151799
554,Moscow,290.48,77,75,4,-16.460157546516186,-148.68821984934056
555,Moscow,290.48,77,75,4,27.9486738551212,-1.5171978883377335
556,Moscow,290.48,77,75,4,-81.48067661573084,19.528819749285645
557,Moscow,290.48,77,75,4,35.85166461845117,-115.65737514592314
558,Moscow,290.48,77,75,4,-30.606058982190895,-83.75751928835926
559,Moscow,290.48,77,75,4,-6.480420210671824,-31.41486985253661
560,Moscow,290.48,77,75,4,89.68654675135409,99.18357562615881
561,Moscow,290.48,77,75,4,37.48914869571884,-31.036794428313414
562,Moscow,290.48,77,75,4,-18.7552444948239,-46.257923413210335
563,Moscow,290.48,77,75,4,-3.8466168688155875,135.7596697337786
564,Moscow,290.48,77,75,4,-11.778015063421677,160.27229388567702
565,Moscow,290.48,77,75,4,49.38403979578342,171.2018877057729
566,Moscow,290.48,77,75,4,-60.03910613753822,178.52314142545572
567,Moscow,290.48,77,75,4,12.9920393358896,-84.35568972292944
568,Moscow,290.48,77,75,4,13.495063572111448,-82.1985744715953
569,Moscow,290.48,77,75,4,-74.12777128029857,-29.55724090504998
570,Moscow,290.48,77,75,4,13.427129217439443,-124.53037819356662
571,Moscow,290.48,77,75,4,40.687276900843926,-133.18346520038753
572,Moscow,290.48,77,75,4,27.8502571233889,-134.67366615695744
573,Moscow,290.48,77,75,4,-23.99838821360197,-65.54899976278988
574,Moscow,290.48,77,75,4,-47.600143306757985,50.71634498491966
575,Moscow,290.48,77,75,4,-30.054662493667955,-99.11471911996485
576,Moscow,290.48,77,75,4,-23.695133679581303,57.55386469300271
577,Moscow,290.48,77,75,4,5.497193404278391,-50.57449405450501
578,Moscow,290.48,77,75,4,58.36296294226628,-21.2947540263379
579,Moscow,290.48,77,75,4,-16.90620918511577,166.89870849077118
580,Moscow,290.48,77,75,4,-79.16680370739549,144.01834054359938
581,Moscow,290.48,77,75,4,-23.785245103012215,-3.2023118055415694
582,Moscow,290.48,77,75,4,8.879533846063083,71.67259614369655
583,Moscow,290.48,77,75,4,-58.27132309802051,-176.55739131177054
584,Moscow,290.48,77,75,4,-22.852501486474054,-39.0254675416341
585,Moscow,290.48,77,75,4,65.6040530534676,-43.834526676760476
586,Moscow,290.48,77,75,4,-67.01247729600713,-41.41150301807639
587,Moscow,290.48,77,75,4,-29.56642688739538,-109.31048543840676
588,Moscow,290.48,77,75,4,75.03452340480459,132.32573266702695
589,Moscow,290.48,77,75,4,-3.8879664454901786,62.161327517145565
590,Moscow,290.48,77,75,4,-8.652714171443137,105.98775915882032
591,Moscow,290.48,77,75,4,65.26174672198349,58.582647602351074
592,Moscow,290.48,77,75,4,-86.96446393031404,150.78288298067633
593,Moscow,290.48,77,75,4,-7.814182729656693,-27.341175367480957
594,Moscow,290.48,77,75,4,55.819340408631064,-29.739902586365503
595,Moscow,290.48,77,75,4,-35.61936145103631,91.84446688976732
596,Moscow,290.48,77,75,4,11.537680127246887,133.58660668592427
597,Moscow,290.48,77,75,4,-43.56519803234268,125.8203315299412
598,Moscow,290.48,77,75,4,57.74406099182937,-146.3016255348704
599,Moscow,290.48,77,75,4,-19.356587395800688,-83.70801235359038
